{"cameraMode":{"drawMode":0,"name":"Shaded","section":"Shading Mode"},"sceneLighting":true,"audioPlay":false,"sceneViewState":{"showFog":true,"showMaterialUpdate":true,"showSkybox":true,"showFlares":true,"showImageEffects":true,"showParticleSystems":true},"in2DMode":false,"pivot":{"x":-3.378115653991699,"y":3.4798901081085207,"z":-2.6726016998291017},"rotation":{"x":0.5716134905815125,"y":0.12910126149654389,"z":-0.09166032075881958,"w":0.8051021695137024},"size":2.8438632488250734,"orthographic":true}