{"cameraMode":{"drawMode":0,"name":"Shaded","section":"Shading Mode"},"sceneLighting":true,"audioPlay":false,"sceneViewState":{"showFog":true,"showMaterialUpdate":true,"showSkybox":true,"showFlares":true,"showImageEffects":true,"showParticleSystems":true},"in2DMode":false,"pivot":{"x":0.2847261428833008,"y":2.0658276081085207,"z":-8.256097793579102},"rotation":{"x":0.5716134905815125,"y":0.12910126149654389,"z":-0.09166032075881958,"w":0.8051021695137024},"size":16.842391967773439,"orthographic":true}