{"cameraMode":{"drawMode":0,"name":"Shaded","section":"Shading Mode"},"sceneLighting":false,"audioPlay":false,"sceneViewState":{"showFog":true,"showMaterialUpdate":true,"showSkybox":false,"showFlares":true,"showImageEffects":true,"showParticleSystems":true},"in2DMode":false,"pivot":{"x":0.0,"y":1.5002796649932862,"z":-2.999772071838379},"rotation":{"x":0.0845911055803299,"y":0.3185056447982788,"z":-0.028549959883093835,"w":0.9437074661254883},"size":3.3911876678466799,"orthographic":false}